species_asw,family,order,eggs,larvae,DD,viviparity,paedomorphy,rep_mode,SSE_larva,SSE_adult,SSE_Tegg,SSE_Tlarv
Ambystoma_altamirani,Ambystomatidae,Caudata,A,A,N,N,F,A,1,1,0,0
Ambystoma_amblycephalum,Ambystomatidae,Caudata,A,A,N,N,N,A,1,1,0,0
Ambystoma_andersoni,Ambystomatidae,Caudata,A,A,N,N,O,P,1,0,0,0
Ambystoma_annulatum,Ambystomatidae,Caudata,A,A,N,N,N,A,1,1,0,0
Ambystoma_barbouri,Ambystomatidae,Caudata,A,A,N,N,N,A,1,1,0,0
Ambystoma_bishopi,Ambystomatidae,Caudata,T,A,N,N,N,S,1,1,1,1
Ambystoma_bombypellum,Ambystomatidae,Caudata,A,A,N,N,N,A,1,1,0,0
Ambystoma_californiense,Ambystomatidae,Caudata,A,A,N,N,N,A,1,1,0,0
Ambystoma_cingulatum,Ambystomatidae,Caudata,T,A,N,N,N,S,1,1,1,1
Ambystoma_dumerilii,Ambystomatidae,Caudata,A,A,N,N,F,A,1,1,0,0
Ambystoma_flavipiperatum,Ambystomatidae,Caudata,A,A,N,N,F,A,1,1,0,0
Ambystoma_gracile,Ambystomatidae,Caudata,A,A,N,N,F,A,1,1,0,0
Ambystoma_granulosum,Ambystomatidae,Caudata,A,A,N,N,F,A,1,1,0,0
Ambystoma_jeffersonianum,Ambystomatidae,Caudata,A,A,N,N,N,A,1,1,0,0
Ambystoma_laterale,Ambystomatidae,Caudata,A,A,N,N,N,A,1,1,0,0
Ambystoma_leorae,Ambystomatidae,Caudata,A,A,N,N,N,A,1,1,0,0
Ambystoma_lermaense,Ambystomatidae,Caudata,A,A,N,N,O,P,1,0,0,0
Ambystoma_mabeei,Ambystomatidae,Caudata,A,A,N,N,N,A,1,1,0,0
Ambystoma_macrodactylum,Ambystomatidae,Caudata,A,A,N,N,N,A,1,1,0,0
Ambystoma_maculatum,Ambystomatidae,Caudata,A,A,N,N,N,A,1,1,0,0
Ambystoma_mavortium,Ambystomatidae,Caudata,A,A,N,N,F,A,1,1,0,0
Ambystoma_mexicanum,Ambystomatidae,Caudata,A,A,N,N,O,P,1,0,0,0
Ambystoma_opacum,Ambystomatidae,Caudata,T,A,N,N,N,S,1,1,1,1
Ambystoma_ordinarium,Ambystomatidae,Caudata,A,A,N,N,F,A,1,1,0,0
Ambystoma_rivulare,Ambystomatidae,Caudata,A,A,N,N,F,A,1,1,0,0
Ambystoma_rosaceum,Ambystomatidae,Caudata,A,A,N,N,F,A,1,1,0,0
Ambystoma_silvense,Ambystomatidae,Caudata,A,A,N,N,F,A,1,1,0,0
Ambystoma_subsalsum,Ambystomatidae,Caudata,A,A,N,N,O,P,1,0,0,0
Ambystoma_talpoideum,Ambystomatidae,Caudata,A,A,N,N,F,A,1,1,0,0
Ambystoma_taylori,Ambystomatidae,Caudata,A,A,N,N,N,A,1,1,0,0
Ambystoma_texanum,Ambystomatidae,Caudata,A,A,N,N,N,A,1,1,0,0
Ambystoma_tigrinum,Ambystomatidae,Caudata,A,A,N,N,F,A,1,1,0,0
Ambystoma_velasci,Ambystomatidae,Caudata,A,A,N,N,O,P,1,0,0,0
Dicamptodon_aterrimus,Ambystomatidae,Caudata,A,A,N,N,F,A,1,1,0,0
Dicamptodon_copei,Ambystomatidae,Caudata,A,A,N,N,O,P,1,0,0,0
Dicamptodon_ensatus,Ambystomatidae,Caudata,A,A,N,N,F,A,1,1,0,0
Dicamptodon_tenebrosus,Ambystomatidae,Caudata,A,A,N,N,F,A,1,1,0,0
Amphiuma_means,Amphiumidae,Caudata,T,A,N,N,O,P,1,0,0,0
Amphiuma_pholeter,Amphiumidae,Caudata,T,A,N,N,O,P,1,0,0,0
Amphiuma_tridactylum,Amphiumidae,Caudata,A,A,N,N,O,P,1,0,0,0
Andrias_davidianus,Cryptobranchidae,Caudata,A,A,N,N,O,P,1,0,0,0
Andrias_japonicus,Cryptobranchidae,Caudata,A,A,N,N,O,P,1,0,0,0
Cryptobranchus_alleganiensis,Cryptobranchidae,Caudata,A,A,N,N,O,P,1,0,0,0
Afghanodon_mustersi,Hynobiidae,Caudata,A,A,N,N,N,A,1,1,0,0
Batrachuperus_karlschmidti,Hynobiidae,Caudata,A,A,N,N,N,A,1,1,0,0
Batrachuperus_londongensis,Hynobiidae,Caudata,A,A,N,N,F,A,1,1,0,0
Batrachuperus_pinchonii,Hynobiidae,Caudata,A,A,N,N,N,A,1,1,0,0
Batrachuperus_tibetanus,Hynobiidae,Caudata,A,A,N,N,N,A,1,1,0,0
Batrachuperus_yenyuanensis,Hynobiidae,Caudata,A,A,N,N,N,A,1,1,0,0
Hynobius_abei,Hynobiidae,Caudata,A,A,N,N,N,A,1,1,0,0
Hynobius_abuensis,Hynobiidae,Caudata,A,A,N,N,N,A,1,1,0,0
Hynobius_akiensis,Hynobiidae,Caudata,A,A,N,N,N,A,1,1,0,0
Hynobius_amakusaensis,Hynobiidae,Caudata,A,A,N,N,N,A,1,1,0,0
Hynobius_amjiensis,Hynobiidae,Caudata,A,A,N,N,N,A,1,1,0,0
Hynobius_arisanensis,Hynobiidae,Caudata,A,A,N,N,N,A,1,1,0,0
Hynobius_bakan,Hynobiidae,Caudata,A,A,N,N,N,A,1,1,0,0
Hynobius_boulengeri,Hynobiidae,Caudata,A,A,N,N,N,A,1,1,0,0
Hynobius_chinensis,Hynobiidae,Caudata,A,A,N,N,N,A,1,1,0,0
Hynobius_dunni,Hynobiidae,Caudata,A,A,N,N,N,A,1,1,0,0
Hynobius_formosanus,Hynobiidae,Caudata,A,A,N,N,N,A,1,1,0,0
Hynobius_fossigenus,Hynobiidae,Caudata,A,A,N,N,N,A,1,1,0,0
Hynobius_fucus,Hynobiidae,Caudata,A,A,N,N,N,A,1,1,0,0
Hynobius_glacialis,Hynobiidae,Caudata,A,A,N,N,N,A,1,1,0,0
Hynobius_guabangshanensis,Hynobiidae,Caudata,A,A,N,N,N,A,1,1,0,0
Hynobius_hidamontanus,Hynobiidae,Caudata,A,A,N,N,N,A,1,1,0,0
Hynobius_hirosei,Hynobiidae,Caudata,A,A,N,N,N,A,1,1,0,0
Hynobius_ikioi,Hynobiidae,Caudata,A,A,N,N,N,A,1,1,0,0
Hynobius_iwami,Hynobiidae,Caudata,A,A,N,N,N,A,1,1,0,0
Hynobius_katoi,Hynobiidae,Caudata,A,A,N,N,N,A,1,1,0,0
Hynobius_kimurae,Hynobiidae,Caudata,A,A,N,N,N,A,1,1,0,0
Hynobius_leechii,Hynobiidae,Caudata,A,A,N,N,N,A,1,1,0,0
Hynobius_lichenatus,Hynobiidae,Caudata,A,A,N,N,N,A,1,1,0,0
Hynobius_maoershanensis,Hynobiidae,Caudata,A,A,N,N,N,A,1,1,0,0
Hynobius_mikawaensis,Hynobiidae,Caudata,A,A,N,N,N,A,1,1,0,0
Hynobius_naevius,Hynobiidae,Caudata,A,A,N,N,N,A,1,1,0,0
Hynobius_nebulosus,Hynobiidae,Caudata,A,A,N,N,N,A,1,1,0,0
Hynobius_nigrescens,Hynobiidae,Caudata,A,A,N,N,N,A,1,1,0,0
Hynobius_okiensis,Hynobiidae,Caudata,A,A,N,N,N,A,1,1,0,0
Hynobius_osumiensis,Hynobiidae,Caudata,A,A,N,N,N,A,1,1,0,0
Hynobius_oyamai,Hynobiidae,Caudata,A,A,N,N,N,A,1,1,0,0
Hynobius_quelpaertensis,Hynobiidae,Caudata,A,A,N,N,N,A,1,1,0,0
Hynobius_retardatus,Hynobiidae,Caudata,A,A,N,N,F,A,1,1,0,0
Hynobius_sematonotos,Hynobiidae,Caudata,A,A,N,N,N,A,1,1,0,0
Hynobius_setoi,Hynobiidae,Caudata,A,A,N,N,N,A,1,1,0,0
Hynobius_setouchi,Hynobiidae,Caudata,A,A,N,N,N,A,1,1,0,0
Hynobius_shinichisatoi,Hynobiidae,Caudata,A,A,N,N,N,A,1,1,0,0
Hynobius_sonani,Hynobiidae,Caudata,A,A,N,N,N,A,1,1,0,0
Hynobius_stejnegeri,Hynobiidae,Caudata,A,A,N,N,N,A,1,1,0,0
Hynobius_takedai,Hynobiidae,Caudata,A,A,N,N,N,A,1,1,0,0
Hynobius_tokyoensis,Hynobiidae,Caudata,A,A,N,N,N,A,1,1,0,0
Hynobius_tosashimizuensis,Hynobiidae,Caudata,A,A,N,N,N,A,1,1,0,0
Hynobius_tsuensis,Hynobiidae,Caudata,A,A,N,N,N,A,1,1,0,0
Hynobius_turkestanicus,Hynobiidae,Caudata,A,A,N,N,N,A,1,1,0,0
Hynobius_unisacculus,Hynobiidae,Caudata,A,A,N,N,N,A,1,1,0,0
Hynobius_utsunomiyaorum,Hynobiidae,Caudata,A,A,N,N,N,A,1,1,0,0
Hynobius_vandenburghi,Hynobiidae,Caudata,A,A,N,N,N,A,1,1,0,0
Hynobius_yangi,Hynobiidae,Caudata,A,A,N,N,N,A,1,1,0,0
Hynobius_yiwuensis,Hynobiidae,Caudata,A,A,N,N,N,A,1,1,0,0
Liua_shihi,Hynobiidae,Caudata,A,A,N,N,N,A,1,1,0,0
Liua_tsinpaensis,Hynobiidae,Caudata,A,A,N,N,N,A,1,1,0,0
Onychodactylus_fischeri,Hynobiidae,Caudata,A,A,N,N,N,A,1,1,0,0
Onychodactylus_fuscus,Hynobiidae,Caudata,A,A,N,N,N,A,1,1,0,0
Onychodactylus_intermedius,Hynobiidae,Caudata,A,A,N,N,N,A,1,1,0,0
Onychodactylus_japonicus,Hynobiidae,Caudata,A,A,N,N,N,A,1,1,0,0
Onychodactylus_kinneburi,Hynobiidae,Caudata,A,A,N,N,N,A,1,1,0,0
Onychodactylus_koreanus,Hynobiidae,Caudata,A,A,N,N,N,A,1,1,0,0
Onychodactylus_nipponoborealis,Hynobiidae,Caudata,A,A,N,N,N,A,1,1,0,0
Onychodactylus_tsukubaensis,Hynobiidae,Caudata,A,A,N,N,N,A,1,1,0,0
Onychodactylus_zhangyapingi,Hynobiidae,Caudata,A,A,N,N,N,A,1,1,0,0
Onychodactylus_zhaoermii,Hynobiidae,Caudata,A,A,N,N,N,A,1,1,0,0
Pachyhynobius_shangchengensis,Hynobiidae,Caudata,A,A,N,N,N,A,1,1,0,0
Paradactylodon_persicus,Hynobiidae,Caudata,A,A,N,N,N,A,1,1,0,0
Pseudohynobius_flavomaculatus,Hynobiidae,Caudata,A,A,N,N,N,A,1,1,0,0
Pseudohynobius_guizhouensis,Hynobiidae,Caudata,A,A,N,N,N,A,1,1,0,0
Pseudohynobius_jinfo,Hynobiidae,Caudata,A,A,N,N,N,A,1,1,0,0
Pseudohynobius_kuankuoshuiensis,Hynobiidae,Caudata,A,A,N,N,N,A,1,1,0,0
Pseudohynobius_puxiongensis,Hynobiidae,Caudata,A,A,N,N,N,A,1,1,0,0
Pseudohynobius_shuichengensis,Hynobiidae,Caudata,A,A,N,N,N,A,1,1,0,0
Ranodon_sibiricus,Hynobiidae,Caudata,A,A,N,N,N,A,1,1,0,0
Salamandrella_keyserlingii,Hynobiidae,Caudata,A,A,N,N,N,A,1,1,0,0
Salamandrella_tridactyla,Hynobiidae,Caudata,A,A,N,N,N,A,1,1,0,0
Aneides_aeneus,Plethodontidae,Caudata,T,N,Y,N,N,D,0,1,1,0
Aneides_ferreus,Plethodontidae,Caudata,T,N,Y,N,N,D,0,1,1,0
Aneides_flavipunctatus,Plethodontidae,Caudata,T,N,Y,N,N,D,0,1,1,0
Aneides_hardii,Plethodontidae,Caudata,T,N,Y,N,N,D,0,1,1,0
Aneides_iecanus,Plethodontidae,Caudata,T,N,Y,N,N,D,0,1,1,0
Aneides_lugubris,Plethodontidae,Caudata,T,N,Y,N,N,D,0,1,1,0
Aneides_niger,Plethodontidae,Caudata,T,N,Y,N,N,D,0,1,1,0
Aneides_vagrans,Plethodontidae,Caudata,T,N,Y,N,N,D,0,1,1,0
Aquiloeurycea_cafetalera,Plethodontidae,Caudata,T,N,Y,N,N,D,0,1,1,0
Aquiloeurycea_cephalica,Plethodontidae,Caudata,T,N,Y,N,N,D,0,1,1,0
Aquiloeurycea_galeanae,Plethodontidae,Caudata,T,N,Y,N,N,D,0,1,1,0
Aquiloeurycea_praecellens,Plethodontidae,Caudata,T,N,Y,N,N,D,0,1,1,0
Aquiloeurycea_quetzalanensis,Plethodontidae,Caudata,T,N,Y,N,N,D,0,1,1,0
Aquiloeurycea_scandens,Plethodontidae,Caudata,T,N,Y,N,N,D,0,1,1,0
Batrachoseps_altasierrae,Plethodontidae,Caudata,T,N,Y,N,N,D,0,1,1,0
Batrachoseps_attenuatus,Plethodontidae,Caudata,T,N,Y,N,N,D,0,1,1,0
Batrachoseps_bramei,Plethodontidae,Caudata,T,N,Y,N,N,D,0,1,1,0
Batrachoseps_campi,Plethodontidae,Caudata,T,N,Y,N,N,D,0,1,1,0
Batrachoseps_diabolicus,Plethodontidae,Caudata,T,N,Y,N,N,D,0,1,1,0
Batrachoseps_gabrieli,Plethodontidae,Caudata,T,N,Y,N,N,D,0,1,1,0
Batrachoseps_gavilanensis,Plethodontidae,Caudata,T,N,Y,N,N,D,0,1,1,0
Batrachoseps_gregarius,Plethodontidae,Caudata,T,N,Y,N,N,D,0,1,1,0
Batrachoseps_incognitus,Plethodontidae,Caudata,T,N,Y,N,N,D,0,1,1,0
Batrachoseps_kawia,Plethodontidae,Caudata,T,N,Y,N,N,D,0,1,1,0
Batrachoseps_luciae,Plethodontidae,Caudata,T,N,Y,N,N,D,0,1,1,0
Batrachoseps_major,Plethodontidae,Caudata,T,N,Y,N,N,D,0,1,1,0
Batrachoseps_minor,Plethodontidae,Caudata,T,N,Y,N,N,D,0,1,1,0
Batrachoseps_nigriventris,Plethodontidae,Caudata,T,N,Y,N,N,D,0,1,1,0
Batrachoseps_pacificus,Plethodontidae,Caudata,T,N,Y,N,N,D,0,1,1,0
Batrachoseps_regius,Plethodontidae,Caudata,T,N,Y,N,N,D,0,1,1,0
Batrachoseps_relictus,Plethodontidae,Caudata,T,N,Y,N,N,D,0,1,1,0
Batrachoseps_robustus,Plethodontidae,Caudata,T,N,Y,N,N,D,0,1,1,0
Batrachoseps_simatus,Plethodontidae,Caudata,T,N,Y,N,N,D,0,1,1,0
Batrachoseps_stebbinsi,Plethodontidae,Caudata,T,N,Y,N,N,D,0,1,1,0
Batrachoseps_wrighti,Plethodontidae,Caudata,T,N,Y,N,N,D,0,1,1,0
Bolitoglossa_adspersa,Plethodontidae,Caudata,T,N,Y,N,N,D,0,1,1,0
Bolitoglossa_alberchi,Plethodontidae,Caudata,T,N,Y,N,N,D,0,1,1,0
Bolitoglossa_altamazonica,Plethodontidae,Caudata,T,N,Y,N,N,D,0,1,1,0
Bolitoglossa_alvaradoi,Plethodontidae,Caudata,T,N,Y,N,N,D,0,1,1,0
Bolitoglossa_anthracina,Plethodontidae,Caudata,T,N,Y,N,N,D,0,1,1,0
Bolitoglossa_aurae,Plethodontidae,Caudata,T,N,Y,N,N,D,0,1,1,0
Bolitoglossa_aureogularis,Plethodontidae,Caudata,T,N,Y,N,N,D,0,1,1,0
Bolitoglossa_biseriata,Plethodontidae,Caudata,T,N,Y,N,N,D,0,1,1,0
Bolitoglossa_borburata,Plethodontidae,Caudata,T,N,Y,N,N,D,0,1,1,0
Bolitoglossa_bramei,Plethodontidae,Caudata,T,N,Y,N,N,D,0,1,1,0
Bolitoglossa_caldwellae,Plethodontidae,Caudata,T,N,Y,N,N,D,0,1,1,0
Bolitoglossa_capitana,Plethodontidae,Caudata,T,N,Y,N,N,D,0,1,1,0
Bolitoglossa_carri,Plethodontidae,Caudata,T,N,Y,N,N,D,0,1,1,0
Bolitoglossa_cataguana,Plethodontidae,Caudata,T,N,Y,N,N,D,0,1,1,0
Bolitoglossa_celaque,Plethodontidae,Caudata,T,N,Y,N,N,D,0,1,1,0
Bolitoglossa_centenorum,Plethodontidae,Caudata,T,N,Y,N,N,D,0,1,1,0
Bolitoglossa_cerroensis,Plethodontidae,Caudata,T,N,Y,N,N,D,0,1,1,0
Bolitoglossa_chica,Plethodontidae,Caudata,T,N,Y,N,N,D,0,1,1,0
Bolitoglossa_chinanteca,Plethodontidae,Caudata,T,N,Y,N,N,D,0,1,1,0
Bolitoglossa_chucantiensis,Plethodontidae,Caudata,T,N,Y,N,N,D,0,1,1,0
Bolitoglossa_colonnea,Plethodontidae,Caudata,T,N,Y,N,N,D,0,1,1,0
Bolitoglossa_compacta,Plethodontidae,Caudata,T,N,Y,N,N,D,0,1,1,0
Bolitoglossa_conanti,Plethodontidae,Caudata,T,N,Y,N,N,D,0,1,1,0
Bolitoglossa_copia,Plethodontidae,Caudata,T,N,Y,N,N,D,0,1,1,0
Bolitoglossa_cuchumatana,Plethodontidae,Caudata,T,N,Y,N,N,D,0,1,1,0
Bolitoglossa_cuna,Plethodontidae,Caudata,T,N,Y,N,N,D,0,1,1,0
Bolitoglossa_daryorum,Plethodontidae,Caudata,T,N,Y,N,N,D,0,1,1,0
Bolitoglossa_decora,Plethodontidae,Caudata,T,N,Y,N,N,D,0,1,1,0
Bolitoglossa_diaphora,Plethodontidae,Caudata,T,N,Y,N,N,D,0,1,1,0
Bolitoglossa_digitigrada,Plethodontidae,Caudata,T,N,Y,N,N,D,0,1,1,0
Bolitoglossa_diminuta,Plethodontidae,Caudata,T,N,Y,N,N,D,0,1,1,0
Bolitoglossa_dofleini,Plethodontidae,Caudata,T,N,Y,N,N,D,0,1,1,0
Bolitoglossa_dunni,Plethodontidae,Caudata,T,N,Y,N,N,D,0,1,1,0
Bolitoglossa_engelhardti,Plethodontidae,Caudata,T,N,Y,N,N,D,0,1,1,0
Bolitoglossa_epimela,Plethodontidae,Caudata,T,N,Y,N,N,D,0,1,1,0
Bolitoglossa_equatoriana,Plethodontidae,Caudata,T,N,Y,N,N,D,0,1,1,0
Bolitoglossa_eremia,Plethodontidae,Caudata,T,N,Y,N,N,D,0,1,1,0
Bolitoglossa_flavimembris,Plethodontidae,Caudata,T,N,Y,N,N,D,0,1,1,0
Bolitoglossa_flaviventris,Plethodontidae,Caudata,T,N,Y,N,N,D,0,1,1,0
Bolitoglossa_franklini,Plethodontidae,Caudata,T,N,Y,N,N,D,0,1,1,0
Bolitoglossa_gomezi,Plethodontidae,Caudata,T,N,Y,N,N,D,0,1,1,0
Bolitoglossa_gracilis,Plethodontidae,Caudata,T,N,Y,N,N,D,0,1,1,0
Bolitoglossa_guaneae,Plethodontidae,Caudata,T,N,Y,N,N,D,0,1,1,0
Bolitoglossa_guaramacalensis,Plethodontidae,Caudata,T,N,Y,N,N,D,0,1,1,0
Bolitoglossa_hartwegi,Plethodontidae,Caudata,T,N,Y,N,N,D,0,1,1,0
Bolitoglossa_heiroreias,Plethodontidae,Caudata,T,N,Y,N,N,D,0,1,1,0
Bolitoglossa_helmrichi,Plethodontidae,Caudata,T,N,Y,N,N,D,0,1,1,0
Bolitoglossa_hermosa,Plethodontidae,Caudata,T,N,Y,N,N,D,0,1,1,0
Bolitoglossa_hiemalis,Plethodontidae,Caudata,T,N,Y,N,N,D,0,1,1,0
Bolitoglossa_huehuetenanguensis,Plethodontidae,Caudata,T,N,Y,N,N,D,0,1,1,0
Bolitoglossa_hypacra,Plethodontidae,Caudata,T,N,Y,N,N,D,0,1,1,0
Bolitoglossa_indio,Plethodontidae,Caudata,T,N,Y,N,N,D,0,1,1,0
Bolitoglossa_insularis,Plethodontidae,Caudata,T,N,Y,N,N,D,0,1,1,0
Bolitoglossa_jacksoni,Plethodontidae,Caudata,T,N,Y,N,N,D,0,1,1,0
Bolitoglossa_jugivagans,Plethodontidae,Caudata,T,N,Y,N,N,D,0,1,1,0
Bolitoglossa_kamuk,Plethodontidae,Caudata,T,N,Y,N,N,D,0,1,1,0
Bolitoglossa_kaqchikelorum,Plethodontidae,Caudata,T,N,Y,N,N,D,0,1,1,0
Bolitoglossa_la,Plethodontidae,Caudata,T,N,Y,N,N,D,0,1,1,0
Bolitoglossa_leandrae,Plethodontidae,Caudata,T,N,Y,N,N,D,0,1,1,0
Bolitoglossa_lignicolor,Plethodontidae,Caudata,T,N,Y,N,N,D,0,1,1,0
Bolitoglossa_lincolni,Plethodontidae,Caudata,T,N,Y,N,N,D,0,1,1,0
Bolitoglossa_longissima,Plethodontidae,Caudata,T,N,Y,N,N,D,0,1,1,0
Bolitoglossa_lozanoi,Plethodontidae,Caudata,T,N,Y,N,N,D,0,1,1,0
Bolitoglossa_macrinii,Plethodontidae,Caudata,T,N,Y,N,N,D,0,1,1,0
Bolitoglossa_madeira,Plethodontidae,Caudata,T,N,Y,N,N,D,0,1,1,0
Bolitoglossa_magnifica,Plethodontidae,Caudata,T,N,Y,N,N,D,0,1,1,0
Bolitoglossa_marmorea,Plethodontidae,Caudata,T,N,Y,N,N,D,0,1,1,0
Bolitoglossa_medemi,Plethodontidae,Caudata,T,N,Y,N,N,D,0,1,1,0
Bolitoglossa_meliana,Plethodontidae,Caudata,T,N,Y,N,N,D,0,1,1,0
Bolitoglossa_mexicana,Plethodontidae,Caudata,T,N,Y,N,N,D,0,1,1,0
Bolitoglossa_minutula,Plethodontidae,Caudata,T,N,Y,N,N,D,0,1,1,0
Bolitoglossa_mombachoensis,Plethodontidae,Caudata,T,N,Y,N,N,D,0,1,1,0
Bolitoglossa_morio,Plethodontidae,Caudata,T,N,Y,N,N,D,0,1,1,0
Bolitoglossa_mucuyensis,Plethodontidae,Caudata,T,N,Y,N,N,D,0,1,1,0
Bolitoglossa_mulleri,Plethodontidae,Caudata,T,N,Y,N,N,D,0,1,1,0
Bolitoglossa_nicefori,Plethodontidae,Caudata,T,N,Y,N,N,D,0,1,1,0
Bolitoglossa_nigrescens,Plethodontidae,Caudata,T,N,Y,N,N,D,0,1,1,0
Bolitoglossa_ninadormida,Plethodontidae,Caudata,T,N,Y,N,N,D,0,1,1,0
Bolitoglossa_nussbaumi,Plethodontidae,Caudata,T,N,Y,N,N,D,0,1,1,0
Bolitoglossa_nympha,Plethodontidae,Caudata,T,N,Y,N,N,D,0,1,1,0
Bolitoglossa_oaxacensis,Plethodontidae,Caudata,T,N,Y,N,N,D,0,1,1,0
Bolitoglossa_obscura,Plethodontidae,Caudata,T,N,Y,N,N,D,0,1,1,0
Bolitoglossa_occidentalis,Plethodontidae,Caudata,T,N,Y,N,N,D,0,1,1,0
Bolitoglossa_odonnelli,Plethodontidae,Caudata,T,N,Y,N,N,D,0,1,1,0
Bolitoglossa_omniumsanctorum,Plethodontidae,Caudata,T,N,Y,N,N,D,0,1,1,0
Bolitoglossa_oresbia,Plethodontidae,Caudata,T,N,Y,N,N,D,0,1,1,0
Bolitoglossa_orestes,Plethodontidae,Caudata,T,N,Y,N,N,D,0,1,1,0
Bolitoglossa_pacaya,Plethodontidae,Caudata,T,N,Y,N,N,D,0,1,1,0
Bolitoglossa_palmata,Plethodontidae,Caudata,T,N,Y,N,N,D,0,1,1,0
Bolitoglossa_pandi,Plethodontidae,Caudata,T,N,Y,N,N,D,0,1,1,0
Bolitoglossa_paraensis,Plethodontidae,Caudata,T,N,Y,N,N,D,0,1,1,0
Bolitoglossa_peruviana,Plethodontidae,Caudata,T,N,Y,N,N,D,0,1,1,0
Bolitoglossa_pesrubra,Plethodontidae,Caudata,T,N,Y,N,N,D,0,1,1,0
Bolitoglossa_phalarosoma,Plethodontidae,Caudata,T,N,Y,N,N,D,0,1,1,0
Bolitoglossa_platydactyla,Plethodontidae,Caudata,T,N,Y,N,N,D,0,1,1,0
Bolitoglossa_porrasorum,Plethodontidae,Caudata,T,N,Y,N,N,D,0,1,1,0
Bolitoglossa_psephena,Plethodontidae,Caudata,T,N,Y,N,N,D,0,1,1,0
Bolitoglossa_pygmaea,Plethodontidae,Caudata,T,N,Y,N,N,D,0,1,1,0
Bolitoglossa_ramosi,Plethodontidae,Caudata,T,N,Y,N,N,D,0,1,1,0
Bolitoglossa_riletti,Plethodontidae,Caudata,T,N,Y,N,N,D,0,1,1,0
Bolitoglossa_robinsoni,Plethodontidae,Caudata,T,N,Y,N,N,D,0,1,1,0
Bolitoglossa_robusta,Plethodontidae,Caudata,T,N,Y,N,N,D,0,1,1,0
Bolitoglossa_rostrata,Plethodontidae,Caudata,T,N,Y,N,N,D,0,1,1,0
Bolitoglossa_rufescens,Plethodontidae,Caudata,T,N,Y,N,N,D,0,1,1,0
Bolitoglossa_salvinii,Plethodontidae,Caudata,T,N,Y,N,N,D,0,1,1,0
Bolitoglossa_savagei,Plethodontidae,Caudata,T,N,Y,N,N,D,0,1,1,0
Bolitoglossa_schizodactyla,Plethodontidae,Caudata,T,N,Y,N,N,D,0,1,1,0
Bolitoglossa_silverstonei,Plethodontidae,Caudata,T,N,Y,N,N,D,0,1,1,0
Bolitoglossa_sima,Plethodontidae,Caudata,T,N,Y,N,N,D,0,1,1,0
Bolitoglossa_sombra,Plethodontidae,Caudata,T,N,Y,N,N,D,0,1,1,0
Bolitoglossa_sooyorum,Plethodontidae,Caudata,T,N,Y,N,N,D,0,1,1,0
Bolitoglossa_splendida,Plethodontidae,Caudata,T,N,Y,N,N,D,0,1,1,0
Bolitoglossa_striatula,Plethodontidae,Caudata,T,N,Y,N,N,D,0,1,1,0
Bolitoglossa_stuarti,Plethodontidae,Caudata,T,N,Y,N,N,D,0,1,1,0
Bolitoglossa_subpalmata,Plethodontidae,Caudata,T,N,Y,N,N,D,0,1,1,0
Bolitoglossa_suchitanensis,Plethodontidae,Caudata,T,N,Y,N,N,D,0,1,1,0
Bolitoglossa_synoria,Plethodontidae,Caudata,T,N,Y,N,N,D,0,1,1,0
Bolitoglossa_tamaense,Plethodontidae,Caudata,T,N,Y,N,N,D,0,1,1,0
Bolitoglossa_tapajonica,Plethodontidae,Caudata,T,N,Y,N,N,D,0,1,1,0
Bolitoglossa_tatamae,Plethodontidae,Caudata,T,N,Y,N,N,D,0,1,1,0
Bolitoglossa_taylori,Plethodontidae,Caudata,T,N,Y,N,N,D,0,1,1,0
Bolitoglossa_tenebrosa,Plethodontidae,Caudata,T,N,Y,N,N,D,0,1,1,0
Bolitoglossa_tica,Plethodontidae,Caudata,T,N,Y,N,N,D,0,1,1,0
Bolitoglossa_tzultacaj,Plethodontidae,Caudata,T,N,Y,N,N,D,0,1,1,0
Bolitoglossa_vallecula,Plethodontidae,Caudata,T,N,Y,N,N,D,0,1,1,0
Bolitoglossa_veracrucis,Plethodontidae,Caudata,T,N,Y,N,N,D,0,1,1,0
Bolitoglossa_walkeri,Plethodontidae,Caudata,T,N,Y,N,N,D,0,1,1,0
Bolitoglossa_xibalba,Plethodontidae,Caudata,T,N,Y,N,N,D,0,1,1,0
Bolitoglossa_yariguiensis,Plethodontidae,Caudata,T,N,Y,N,N,D,0,1,1,0
Bolitoglossa_yucatana,Plethodontidae,Caudata,T,N,Y,N,N,D,0,1,1,0
Bolitoglossa_zacapensis,Plethodontidae,Caudata,T,N,Y,N,N,D,0,1,1,0
Bolitoglossa_zapoteca,Plethodontidae,Caudata,T,N,Y,N,N,D,0,1,1,0
Bradytriton_silus,Plethodontidae,Caudata,T,N,Y,N,N,D,0,1,1,0
Chiropterotriton_arboreus,Plethodontidae,Caudata,T,N,Y,N,N,D,0,1,1,0
Chiropterotriton_aureus,Plethodontidae,Caudata,T,N,Y,N,N,D,0,1,1,0
Chiropterotriton_chico,Plethodontidae,Caudata,T,N,Y,N,N,D,0,1,1,0
Chiropterotriton_chiropterus,Plethodontidae,Caudata,T,N,Y,N,N,D,0,1,1,0
Chiropterotriton_chondrostega,Plethodontidae,Caudata,T,N,Y,N,N,D,0,1,1,0
Chiropterotriton_cieloensis,Plethodontidae,Caudata,T,N,Y,N,N,D,0,1,1,0
Chiropterotriton_cracens,Plethodontidae,Caudata,T,N,Y,N,N,D,0,1,1,0
Chiropterotriton_dimidiatus,Plethodontidae,Caudata,T,N,Y,N,N,D,0,1,1,0
Chiropterotriton_infernalis,Plethodontidae,Caudata,T,N,Y,N,N,D,0,1,1,0
Chiropterotriton_lavae,Plethodontidae,Caudata,T,N,Y,N,N,D,0,1,1,0
Chiropterotriton_magnipes,Plethodontidae,Caudata,T,N,Y,N,N,D,0,1,1,0
Chiropterotriton_miquihuanus,Plethodontidae,Caudata,T,N,Y,N,N,D,0,1,1,0
Chiropterotriton_mosaueri,Plethodontidae,Caudata,T,N,Y,N,N,D,0,1,1,0
Chiropterotriton_multidentatus,Plethodontidae,Caudata,T,N,Y,N,N,D,0,1,1,0
Chiropterotriton_nubilus,Plethodontidae,Caudata,T,N,Y,N,N,D,0,1,1,0
Chiropterotriton_orculus,Plethodontidae,Caudata,T,N,Y,N,N,D,0,1,1,0
Chiropterotriton_priscus,Plethodontidae,Caudata,T,N,Y,N,N,D,0,1,1,0
Chiropterotriton_terrestris,Plethodontidae,Caudata,T,N,Y,N,N,D,0,1,1,0
Cryptotriton_alvarezdeltoroi,Plethodontidae,Caudata,T,N,Y,N,N,D,0,1,1,0
Cryptotriton_monzoni,Plethodontidae,Caudata,T,N,Y,N,N,D,0,1,1,0
Cryptotriton_nasalis,Plethodontidae,Caudata,T,N,Y,N,N,D,0,1,1,0
Cryptotriton_necopinus,Plethodontidae,Caudata,T,N,Y,N,N,D,0,1,1,0
Cryptotriton_sierraminensis,Plethodontidae,Caudata,T,N,Y,N,N,D,0,1,1,0
Cryptotriton_veraepacis,Plethodontidae,Caudata,T,N,Y,N,N,D,0,1,1,0
Cryptotriton_xucaneborum,Plethodontidae,Caudata,T,N,Y,N,N,D,0,1,1,0
Dendrotriton_bromeliacius,Plethodontidae,Caudata,T,N,Y,N,N,D,0,1,1,0
Dendrotriton_chujorum,Plethodontidae,Caudata,T,N,Y,N,N,D,0,1,1,0
Dendrotriton_cuchumatanus,Plethodontidae,Caudata,T,N,Y,N,N,D,0,1,1,0
Dendrotriton_kekchiorum,Plethodontidae,Caudata,T,N,Y,N,N,D,0,1,1,0
Dendrotriton_megarhinus,Plethodontidae,Caudata,T,N,Y,N,N,D,0,1,1,0
Dendrotriton_rabbi,Plethodontidae,Caudata,T,N,Y,N,N,D,0,1,1,0
Dendrotriton_sanctibarbarus,Plethodontidae,Caudata,T,N,Y,N,N,D,0,1,1,0
Dendrotriton_xolocalcae,Plethodontidae,Caudata,T,N,Y,N,N,D,0,1,1,0
Desmognathus_abditus,Plethodontidae,Caudata,T,A,N,N,N,S,1,1,1,1
Desmognathus_aeneus,Plethodontidae,Caudata,T,N,Y,N,N,D,0,1,1,0
Desmognathus_apalachicolae,Plethodontidae,Caudata,T,A,N,N,N,S,1,1,1,1
Desmognathus_aureatus,Plethodontidae,Caudata,T,A,N,N,N,S,1,1,1,1
Desmognathus_auriculatus,Plethodontidae,Caudata,T,A,N,N,N,S,1,1,1,1
Desmognathus_brimleyorum,Plethodontidae,Caudata,T,A,N,N,N,S,1,1,1,1
Desmognathus_carolinensis,Plethodontidae,Caudata,T,A,N,N,N,S,1,1,1,1
Desmognathus_conanti,Plethodontidae,Caudata,T,A,N,N,N,S,1,1,1,1
Desmognathus_folkertsi,Plethodontidae,Caudata,T,A,N,N,N,S,1,1,1,1
Desmognathus_fuscus,Plethodontidae,Caudata,T,A,N,N,N,S,1,1,1,1
Desmognathus_imitator,Plethodontidae,Caudata,T,A,N,N,N,S,1,1,1,1
Desmognathus_marmoratus,Plethodontidae,Caudata,A,A,N,N,F,A,1,1,0,0
Desmognathus_melanius,Plethodontidae,Caudata,A,A,N,N,F,A,1,1,0,0
Desmognathus_monticola,Plethodontidae,Caudata,T,A,N,N,N,S,1,1,1,1
Desmognathus_ochrophaeus,Plethodontidae,Caudata,T,A,N,N,N,S,1,1,1,1
Desmognathus_ocoee,Plethodontidae,Caudata,T,A,N,N,N,S,1,1,1,1
Desmognathus_orestes,Plethodontidae,Caudata,T,A,N,N,N,S,1,1,1,1
Desmognathus_organi,Plethodontidae,Caudata,T,N,Y,N,N,D,0,1,1,0
Desmognathus_planiceps,Plethodontidae,Caudata,T,A,N,N,N,S,1,1,1,1
Desmognathus_quadramaculatus,Plethodontidae,Caudata,A,A,N,N,N,A,1,1,0,0
Desmognathus_santeetlah,Plethodontidae,Caudata,T,A,N,N,N,S,1,1,1,1
Desmognathus_valentinei,Plethodontidae,Caudata,T,A,N,N,N,S,1,1,1,1
Desmognathus_welteri,Plethodontidae,Caudata,T,A,N,N,N,S,1,1,1,1
Desmognathus_wrighti,Plethodontidae,Caudata,T,N,Y,N,N,D,0,1,1,0
Ensatina_eschscholtzii,Plethodontidae,Caudata,T,N,Y,N,N,D,0,1,1,0
Eurycea_aquatica,Plethodontidae,Caudata,A,A,N,N,N,A,1,1,0,0
Eurycea_bislineata,Plethodontidae,Caudata,A,A,N,N,N,A,1,1,0,0
Eurycea_braggi,Plethodontidae,Caudata,A,A,N,N,F,A,1,1,0,0
Eurycea_chamberlaini,Plethodontidae,Caudata,A,A,N,N,N,A,1,1,0,0
Eurycea_chisholmensis,Plethodontidae,Caudata,A,A,N,N,O,P,1,0,0,0
Eurycea_cirrigera,Plethodontidae,Caudata,A,A,N,N,F,A,1,1,0,0
Eurycea_guttolineata,Plethodontidae,Caudata,A,A,N,N,N,A,1,1,0,0
Eurycea_hillisi,Plethodontidae,Caudata,A,A,N,N,N,A,1,1,0,0
Eurycea_junaluska,Plethodontidae,Caudata,A,A,N,N,N,A,1,1,0,0
Eurycea_latitans,Plethodontidae,Caudata,A,A,N,N,O,P,1,0,0,0
Eurycea_longicauda,Plethodontidae,Caudata,A,A,N,N,N,A,1,1,0,0
Eurycea_lucifuga,Plethodontidae,Caudata,A,A,N,N,N,A,1,1,0,0
Eurycea_multiplicata,Plethodontidae,Caudata,A,A,N,N,N,A,1,1,0,0
Eurycea_nana,Plethodontidae,Caudata,A,A,N,N,O,P,1,0,0,0
Eurycea_naufragia,Plethodontidae,Caudata,A,A,N,N,O,P,1,0,0,0
Eurycea_neotenes,Plethodontidae,Caudata,A,A,N,N,O,P,1,0,0,0
Eurycea_nerea,Plethodontidae,Caudata,A,A,N,N,F,A,1,1,0,0
Eurycea_paludicola,Plethodontidae,Caudata,A,A,N,N,N,A,1,1,0,0
Eurycea_pterophila,Plethodontidae,Caudata,A,A,N,N,O,P,1,0,0,0
Eurycea_quadridigitata,Plethodontidae,Caudata,A,A,N,N,N,A,1,1,0,0
Eurycea_rathbuni,Plethodontidae,Caudata,A,A,N,N,O,P,1,0,0,0
Eurycea_robusta,Plethodontidae,Caudata,A,A,N,N,O,P,1,0,0,0
Eurycea_sosorum,Plethodontidae,Caudata,A,A,N,N,O,P,1,0,0,0
Eurycea_spelaea,Plethodontidae,Caudata,A,A,N,N,N,A,1,1,0,0
Eurycea_sphagnicola,Plethodontidae,Caudata,A,A,N,N,N,A,1,1,0,0
Eurycea_subfluvicola,Plethodontidae,Caudata,A,A,N,N,O,P,1,0,0,0
Eurycea_tonkawae,Plethodontidae,Caudata,A,A,N,N,O,P,1,0,0,0
Eurycea_troglodytes,Plethodontidae,Caudata,A,A,N,N,O,P,1,0,0,0
Eurycea_tynerensis,Plethodontidae,Caudata,A,A,N,N,O,P,1,0,0,0
Eurycea_wallacei,Plethodontidae,Caudata,A,A,N,N,O,P,1,0,0,0
Eurycea_waterlooensis,Plethodontidae,Caudata,A,A,N,N,O,P,1,0,0,0
Eurycea_wilderae,Plethodontidae,Caudata,A,A,N,N,N,A,1,1,0,0
Gyrinophilus_gulolineatus,Plethodontidae,Caudata,A,A,N,N,O,P,1,0,0,0
Gyrinophilus_palleucus,Plethodontidae,Caudata,A,A,N,N,O,P,1,0,0,0
Gyrinophilus_porphyriticus,Plethodontidae,Caudata,A,A,N,N,N,A,1,1,0,0
Gyrinophilus_subterraneus,Plethodontidae,Caudata,A,A,N,N,N,A,1,1,0,0
Hemidactylium_scutatum,Plethodontidae,Caudata,T,A,N,N,N,S,1,1,1,1
Hydromantes_brunus,Plethodontidae,Caudata,T,N,Y,N,N,D,0,1,1,0
Hydromantes_platycephalus,Plethodontidae,Caudata,T,N,Y,N,N,D,0,1,1,0
Hydromantes_samweli,Plethodontidae,Caudata,T,N,Y,N,N,D,0,1,1,0
Hydromantes_shastae,Plethodontidae,Caudata,T,N,Y,N,N,D,0,1,1,0
Hydromantes_wintu,Plethodontidae,Caudata,T,N,Y,N,N,D,0,1,1,0
Isthmura_bellii,Plethodontidae,Caudata,T,N,Y,N,N,D,0,1,1,0
Isthmura_boneti,Plethodontidae,Caudata,T,N,Y,N,N,D,0,1,1,0
Isthmura_corrugata,Plethodontidae,Caudata,T,N,Y,N,N,D,0,1,1,0
Isthmura_gigantea,Plethodontidae,Caudata,T,N,Y,N,N,D,0,1,1,0
Isthmura_maxima,Plethodontidae,Caudata,T,N,Y,N,N,D,0,1,1,0
Isthmura_naucampatepetl,Plethodontidae,Caudata,T,N,Y,N,N,D,0,1,1,0
Isthmura_sierraoccidentalis,Plethodontidae,Caudata,T,N,Y,N,N,D,0,1,1,0
Ixalotriton_niger,Plethodontidae,Caudata,T,N,Y,N,N,D,0,1,1,0
Ixalotriton_parvus,Plethodontidae,Caudata,T,N,Y,N,N,D,0,1,1,0
Karsenia_koreana,Plethodontidae,Caudata,T,N,Y,N,N,D,0,1,1,0
Nototriton_abscondens,Plethodontidae,Caudata,T,N,Y,N,N,D,0,1,1,0
Nototriton_barbouri,Plethodontidae,Caudata,T,N,Y,N,N,D,0,1,1,0
Nototriton_brodiei,Plethodontidae,Caudata,T,N,Y,N,N,D,0,1,1,0
Nototriton_costaricense,Plethodontidae,Caudata,T,N,Y,N,N,D,0,1,1,0
Nototriton_gamezi,Plethodontidae,Caudata,T,N,Y,N,N,D,0,1,1,0
Nototriton_guanacaste,Plethodontidae,Caudata,T,N,Y,N,N,D,0,1,1,0
Nototriton_lignicola,Plethodontidae,Caudata,T,N,Y,N,N,D,0,1,1,0
Nototriton_limnospectator,Plethodontidae,Caudata,T,N,Y,N,N,D,0,1,1,0
Nototriton_major,Plethodontidae,Caudata,T,N,Y,N,N,D,0,1,1,0
Nototriton_matama,Plethodontidae,Caudata,T,N,Y,N,N,D,0,1,1,0
Nototriton_mime,Plethodontidae,Caudata,T,N,Y,N,N,D,0,1,1,0
Nototriton_nelsoni,Plethodontidae,Caudata,T,N,Y,N,N,D,0,1,1,0
Nototriton_oreadorum,Plethodontidae,Caudata,T,N,Y,N,N,D,0,1,1,0
Nototriton_picadoi,Plethodontidae,Caudata,T,N,Y,N,N,D,0,1,1,0
Nototriton_picucha,Plethodontidae,Caudata,T,N,Y,N,N,D,0,1,1,0
Nototriton_richardi,Plethodontidae,Caudata,T,N,Y,N,N,D,0,1,1,0
Nototriton_saslaya,Plethodontidae,Caudata,T,N,Y,N,N,D,0,1,1,0
Nototriton_stuarti,Plethodontidae,Caudata,T,N,Y,N,N,D,0,1,1,0
Nototriton_tapanti,Plethodontidae,Caudata,T,N,Y,N,N,D,0,1,1,0
Nototriton_tomamorum,Plethodontidae,Caudata,T,N,Y,N,N,D,0,1,1,0
Nyctanolis_pernix,Plethodontidae,Caudata,T,N,Y,N,N,D,0,1,1,0
Oedipina_alfaroi,Plethodontidae,Caudata,T,N,Y,N,N,D,0,1,1,0
Oedipina_alleni,Plethodontidae,Caudata,T,N,Y,N,N,D,0,1,1,0
Oedipina_altura,Plethodontidae,Caudata,T,N,Y,N,N,D,0,1,1,0
Oedipina_berlini,Plethodontidae,Caudata,T,N,Y,N,N,D,0,1,1,0
Oedipina_capitalina,Plethodontidae,Caudata,T,N,Y,N,N,D,0,1,1,0
Oedipina_carablanca,Plethodontidae,Caudata,T,N,Y,N,N,D,0,1,1,0
Oedipina_chortiorum,Plethodontidae,Caudata,T,N,Y,N,N,D,0,1,1,0
Oedipina_collaris,Plethodontidae,Caudata,T,N,Y,N,N,D,0,1,1,0
Oedipina_complex,Plethodontidae,Caudata,T,N,Y,N,N,D,0,1,1,0
Oedipina_cyclocauda,Plethodontidae,Caudata,T,N,Y,N,N,D,0,1,1,0
Oedipina_elongata,Plethodontidae,Caudata,T,N,Y,N,N,D,0,1,1,0
Oedipina_fortunensis,Plethodontidae,Caudata,T,N,Y,N,N,D,0,1,1,0
Oedipina_gephyra,Plethodontidae,Caudata,T,N,Y,N,N,D,0,1,1,0
Oedipina_gracilis,Plethodontidae,Caudata,T,N,Y,N,N,D,0,1,1,0
Oedipina_grandis,Plethodontidae,Caudata,T,N,Y,N,N,D,0,1,1,0
Oedipina_ignea,Plethodontidae,Caudata,T,N,Y,N,N,D,0,1,1,0
Oedipina_kasios,Plethodontidae,Caudata,T,N,Y,N,N,D,0,1,1,0
Oedipina_koehleri,Plethodontidae,Caudata,T,N,Y,N,N,D,0,1,1,0
Oedipina_leptopoda,Plethodontidae,Caudata,T,N,Y,N,N,D,0,1,1,0
Oedipina_maritima,Plethodontidae,Caudata,T,N,Y,N,N,D,0,1,1,0
Oedipina_motaguae,Plethodontidae,Caudata,T,N,Y,N,N,D,0,1,1,0
Oedipina_nica,Plethodontidae,Caudata,T,N,Y,N,N,D,0,1,1,0
Oedipina_nimaso,Plethodontidae,Caudata,T,N,Y,N,N,D,0,1,1,0
Oedipina_pacificensis,Plethodontidae,Caudata,T,N,Y,N,N,D,0,1,1,0
Oedipina_parvipes,Plethodontidae,Caudata,T,N,Y,N,N,D,0,1,1,0
Oedipina_paucidentata,Plethodontidae,Caudata,T,N,Y,N,N,D,0,1,1,0
Oedipina_petiola,Plethodontidae,Caudata,T,N,Y,N,N,D,0,1,1,0
Oedipina_poelzi,Plethodontidae,Caudata,T,N,Y,N,N,D,0,1,1,0
Oedipina_pseudouniformis,Plethodontidae,Caudata,T,N,Y,N,N,D,0,1,1,0
Oedipina_quadra,Plethodontidae,Caudata,T,N,Y,N,N,D,0,1,1,0
Oedipina_salvadorensis,Plethodontidae,Caudata,T,N,Y,N,N,D,0,1,1,0
Oedipina_savagei,Plethodontidae,Caudata,T,N,Y,N,N,D,0,1,1,0
Oedipina_stenopodia,Plethodontidae,Caudata,T,N,Y,N,N,D,0,1,1,0
Oedipina_stuarti,Plethodontidae,Caudata,T,N,Y,N,N,D,0,1,1,0
Oedipina_taylori,Plethodontidae,Caudata,T,N,Y,N,N,D,0,1,1,0
Oedipina_tomasi,Plethodontidae,Caudata,T,N,Y,N,N,D,0,1,1,0
Oedipina_tzutujilorum,Plethodontidae,Caudata,T,N,Y,N,N,D,0,1,1,0
Oedipina_uniformis,Plethodontidae,Caudata,T,N,Y,N,N,D,0,1,1,0
Parvimolge_townsendi,Plethodontidae,Caudata,T,N,Y,N,N,D,0,1,1,0
Phaeognathus_hubrichti,Plethodontidae,Caudata,T,N,Y,N,N,D,0,1,1,0
Plethodon_albagula,Plethodontidae,Caudata,T,N,Y,N,N,D,0,1,1,0
Plethodon_amplus,Plethodontidae,Caudata,T,N,Y,N,N,D,0,1,1,0
Plethodon_angusticlavius,Plethodontidae,Caudata,T,N,Y,N,N,D,0,1,1,0
Plethodon_asupak,Plethodontidae,Caudata,T,N,Y,N,N,D,0,1,1,0
Plethodon_aureolus,Plethodontidae,Caudata,T,N,Y,N,N,D,0,1,1,0
Plethodon_caddoensis,Plethodontidae,Caudata,T,N,Y,N,N,D,0,1,1,0
Plethodon_chattahoochee,Plethodontidae,Caudata,T,N,Y,N,N,D,0,1,1,0
Plethodon_cheoah,Plethodontidae,Caudata,T,N,Y,N,N,D,0,1,1,0
Plethodon_chlorobryonis,Plethodontidae,Caudata,T,N,Y,N,N,D,0,1,1,0
Plethodon_cinereus,Plethodontidae,Caudata,T,N,Y,N,N,D,0,1,1,0
Plethodon_cylindraceus,Plethodontidae,Caudata,T,N,Y,N,N,D,0,1,1,0
Plethodon_dixi,Plethodontidae,Caudata,T,N,Y,N,N,D,0,1,1,0
Plethodon_dorsalis,Plethodontidae,Caudata,T,N,Y,N,N,D,0,1,1,0
Plethodon_dunni,Plethodontidae,Caudata,T,N,Y,N,N,D,0,1,1,0
Plethodon_electromorphus,Plethodontidae,Caudata,T,N,Y,N,N,D,0,1,1,0
Plethodon_elongatus,Plethodontidae,Caudata,T,N,Y,N,N,D,0,1,1,0
Plethodon_fourchensis,Plethodontidae,Caudata,T,N,Y,N,N,D,0,1,1,0
Plethodon_glutinosus,Plethodontidae,Caudata,T,N,Y,N,N,D,0,1,1,0
Plethodon_grobmani,Plethodontidae,Caudata,T,N,Y,N,N,D,0,1,1,0
Plethodon_hoffmani,Plethodontidae,Caudata,T,N,Y,N,N,D,0,1,1,0
Plethodon_hubrichti,Plethodontidae,Caudata,T,N,Y,N,N,D,0,1,1,0
Plethodon_idahoensis,Plethodontidae,Caudata,T,N,Y,N,N,D,0,1,1,0
Plethodon_jacksoni,Plethodontidae,Caudata,T,N,Y,N,N,D,0,1,1,0
Plethodon_jordani,Plethodontidae,Caudata,T,N,Y,N,N,D,0,1,1,0
Plethodon_kentucki,Plethodontidae,Caudata,T,N,Y,N,N,D,0,1,1,0
Plethodon_kiamichi,Plethodontidae,Caudata,T,N,Y,N,N,D,0,1,1,0
Plethodon_kisatchie,Plethodontidae,Caudata,T,N,Y,N,N,D,0,1,1,0
Plethodon_larselli,Plethodontidae,Caudata,T,N,Y,N,N,D,0,1,1,0
Plethodon_meridianus,Plethodontidae,Caudata,T,N,Y,N,N,D,0,1,1,0
Plethodon_metcalfi,Plethodontidae,Caudata,T,N,Y,N,N,D,0,1,1,0
Plethodon_mississippi,Plethodontidae,Caudata,T,N,Y,N,N,D,0,1,1,0
Plethodon_montanus,Plethodontidae,Caudata,T,N,Y,N,N,D,0,1,1,0
Plethodon_neomexicanus,Plethodontidae,Caudata,T,N,Y,N,N,D,0,1,1,0
Plethodon_nettingi,Plethodontidae,Caudata,T,N,Y,N,N,D,0,1,1,0
Plethodon_ocmulgee,Plethodontidae,Caudata,T,N,Y,N,N,D,0,1,1,0
Plethodon_ouachitae,Plethodontidae,Caudata,T,N,Y,N,N,D,0,1,1,0
Plethodon_pauleyi,Plethodontidae,Caudata,T,N,Y,N,N,D,0,1,1,0
Plethodon_petraeus,Plethodontidae,Caudata,T,N,Y,N,N,D,0,1,1,0
Plethodon_punctatus,Plethodontidae,Caudata,T,N,Y,N,N,D,0,1,1,0
Plethodon_richmondi,Plethodontidae,Caudata,T,N,Y,N,N,D,0,1,1,0
Plethodon_savannah,Plethodontidae,Caudata,T,N,Y,N,N,D,0,1,1,0
Plethodon_sequoyah,Plethodontidae,Caudata,T,N,Y,N,N,D,0,1,1,0
Plethodon_serratus,Plethodontidae,Caudata,T,N,Y,N,N,D,0,1,1,0
Plethodon_shenandoah,Plethodontidae,Caudata,T,N,Y,N,N,D,0,1,1,0
Plethodon_sherando,Plethodontidae,Caudata,T,N,Y,N,N,D,0,1,1,0
Plethodon_shermani,Plethodontidae,Caudata,T,N,Y,N,N,D,0,1,1,0
Plethodon_stormi,Plethodontidae,Caudata,T,N,Y,N,N,D,0,1,1,0
Plethodon_teyahalee,Plethodontidae,Caudata,T,N,Y,N,N,D,0,1,1,0
Plethodon_vandykei,Plethodontidae,Caudata,T,N,Y,N,N,D,0,1,1,0
Plethodon_variolatus,Plethodontidae,Caudata,T,N,Y,N,N,D,0,1,1,0
Plethodon_vehiculum,Plethodontidae,Caudata,T,N,Y,N,N,D,0,1,1,0
Plethodon_ventralis,Plethodontidae,Caudata,T,N,Y,N,N,D,0,1,1,0
Plethodon_virginia,Plethodontidae,Caudata,T,N,Y,N,N,D,0,1,1,0
Plethodon_websteri,Plethodontidae,Caudata,T,N,Y,N,N,D,0,1,1,0
Plethodon_wehrlei,Plethodontidae,Caudata,T,N,Y,N,N,D,0,1,1,0
Plethodon_welleri,Plethodontidae,Caudata,T,N,Y,N,N,D,0,1,1,0
Plethodon_yonahlossee,Plethodontidae,Caudata,T,N,Y,N,N,D,0,1,1,0
Pseudoeurycea_ahuitzotl,Plethodontidae,Caudata,T,N,Y,N,N,D,0,1,1,0
Pseudoeurycea_altamontana,Plethodontidae,Caudata,T,N,Y,N,N,D,0,1,1,0
Pseudoeurycea_amuzga,Plethodontidae,Caudata,T,N,Y,N,N,D,0,1,1,0
Pseudoeurycea_anitae,Plethodontidae,Caudata,T,N,Y,N,N,D,0,1,1,0
Pseudoeurycea_aquatica,Plethodontidae,Caudata,T,N,Y,N,N,D,0,1,1,0
Pseudoeurycea_aurantia,Plethodontidae,Caudata,T,N,Y,N,N,D,0,1,1,0
Pseudoeurycea_brunnata,Plethodontidae,Caudata,T,N,Y,N,N,D,0,1,1,0
Pseudoeurycea_cochranae,Plethodontidae,Caudata,T,N,Y,N,N,D,0,1,1,0
Pseudoeurycea_conanti,Plethodontidae,Caudata,T,N,Y,N,N,D,0,1,1,0
Pseudoeurycea_exspectata,Plethodontidae,Caudata,T,N,Y,N,N,D,0,1,1,0
Pseudoeurycea_firscheini,Plethodontidae,Caudata,T,N,Y,N,N,D,0,1,1,0
Pseudoeurycea_gadovii,Plethodontidae,Caudata,T,N,Y,N,N,D,0,1,1,0
Pseudoeurycea_goebeli,Plethodontidae,Caudata,T,N,Y,N,N,D,0,1,1,0
Pseudoeurycea_juarezi,Plethodontidae,Caudata,T,N,Y,N,N,D,0,1,1,0
Pseudoeurycea_kuautli,Plethodontidae,Caudata,T,N,Y,N,N,D,0,1,1,0
Pseudoeurycea_leprosa,Plethodontidae,Caudata,T,N,Y,N,N,D,0,1,1,0
Pseudoeurycea_lineola,Plethodontidae,Caudata,T,N,Y,N,N,D,0,1,1,0
Pseudoeurycea_longicauda,Plethodontidae,Caudata,T,N,Y,N,N,D,0,1,1,0
Pseudoeurycea_lynchi,Plethodontidae,Caudata,T,N,Y,N,N,D,0,1,1,0
Pseudoeurycea_melanomolga,Plethodontidae,Caudata,T,N,Y,N,N,D,0,1,1,0
Pseudoeurycea_mixcoatl,Plethodontidae,Caudata,T,N,Y,N,N,D,0,1,1,0
Pseudoeurycea_mixteca,Plethodontidae,Caudata,T,N,Y,N,N,D,0,1,1,0
Pseudoeurycea_mystax,Plethodontidae,Caudata,T,N,Y,N,N,D,0,1,1,0
Pseudoeurycea_nigromaculata,Plethodontidae,Caudata,T,N,Y,N,N,D,0,1,1,0
Pseudoeurycea_obesa,Plethodontidae,Caudata,T,N,Y,N,N,D,0,1,1,0
Pseudoeurycea_orchileucos,Plethodontidae,Caudata,T,N,Y,N,N,D,0,1,1,0
Pseudoeurycea_orchimelas,Plethodontidae,Caudata,T,N,Y,N,N,D,0,1,1,0
Pseudoeurycea_papenfussi,Plethodontidae,Caudata,T,N,Y,N,N,D,0,1,1,0
Pseudoeurycea_rex,Plethodontidae,Caudata,T,N,Y,N,N,D,0,1,1,0
Pseudoeurycea_robertsi,Plethodontidae,Caudata,T,N,Y,N,N,D,0,1,1,0
Pseudoeurycea_ruficauda,Plethodontidae,Caudata,T,N,Y,N,N,D,0,1,1,0
Pseudoeurycea_saltator,Plethodontidae,Caudata,T,N,Y,N,N,D,0,1,1,0
Pseudoeurycea_smithi,Plethodontidae,Caudata,T,N,Y,N,N,D,0,1,1,0
Pseudoeurycea_tenchalli,Plethodontidae,Caudata,T,N,Y,N,N,D,0,1,1,0
Pseudoeurycea_teotepec,Plethodontidae,Caudata,T,N,Y,N,N,D,0,1,1,0
Pseudoeurycea_tlahcuiloh,Plethodontidae,Caudata,T,N,Y,N,N,D,0,1,1,0
Pseudoeurycea_tlilicxitl,Plethodontidae,Caudata,T,N,Y,N,N,D,0,1,1,0
Pseudoeurycea_unguidentis,Plethodontidae,Caudata,T,N,Y,N,N,D,0,1,1,0
Pseudoeurycea_werleri,Plethodontidae,Caudata,T,N,Y,N,N,D,0,1,1,0
Pseudotriton_diastictus,Plethodontidae,Caudata,A,A,N,N,N,A,1,1,0,0
Pseudotriton_montanus,Plethodontidae,Caudata,A,A,N,N,N,A,1,1,0,0
Pseudotriton_ruber,Plethodontidae,Caudata,A,A,N,N,N,A,1,1,0,0
Speleomantes_ambrosii,Plethodontidae,Caudata,T,N,Y,N,N,D,0,1,1,0
Speleomantes_flavus,Plethodontidae,Caudata,T,N,Y,N,N,D,0,1,1,0
Speleomantes_genei,Plethodontidae,Caudata,T,N,Y,N,N,D,0,1,1,0
Speleomantes_imperialis,Plethodontidae,Caudata,T,N,Y,N,N,D,0,1,1,0
Speleomantes_italicus,Plethodontidae,Caudata,T,N,Y,N,N,D,0,1,1,0
Speleomantes_sarrabusensis,Plethodontidae,Caudata,T,N,Y,N,N,D,0,1,1,0
Speleomantes_strinatii,Plethodontidae,Caudata,T,N,Y,N,N,D,0,1,1,0
Speleomantes_supramontis,Plethodontidae,Caudata,T,N,Y,N,N,D,0,1,1,0
Stereochilus_marginatus,Plethodontidae,Caudata,A,A,N,N,N,A,1,1,0,0
Thorius_adelos,Plethodontidae,Caudata,T,N,Y,N,N,D,0,1,1,0
Thorius_arboreus,Plethodontidae,Caudata,T,N,Y,N,N,D,0,1,1,0
Thorius_aureus,Plethodontidae,Caudata,T,N,Y,N,N,D,0,1,1,0
Thorius_boreas,Plethodontidae,Caudata,T,N,Y,N,N,D,0,1,1,0
Thorius_dubitus,Plethodontidae,Caudata,T,N,Y,N,N,D,0,1,1,0
Thorius_grandis,Plethodontidae,Caudata,T,N,Y,N,N,D,0,1,1,0
Thorius_hankeni,Plethodontidae,Caudata,T,N,Y,N,N,D,0,1,1,0
Thorius_infernalis,Plethodontidae,Caudata,T,N,Y,N,N,D,0,1,1,0
Thorius_insperatus,Plethodontidae,Caudata,T,N,Y,N,N,D,0,1,1,0
Thorius_longicaudus,Plethodontidae,Caudata,T,N,Y,N,N,D,0,1,1,0
Thorius_lunaris,Plethodontidae,Caudata,T,N,Y,N,N,D,0,1,1,0
Thorius_macdougalli,Plethodontidae,Caudata,T,N,Y,N,N,D,0,1,1,0
Thorius_magnipes,Plethodontidae,Caudata,T,N,Y,N,N,D,0,1,1,0
Thorius_maxillabrochus,Plethodontidae,Caudata,T,N,Y,N,N,D,0,1,1,0
Thorius_minutissimus,Plethodontidae,Caudata,T,N,Y,N,N,D,0,1,1,0
Thorius_minydemus,Plethodontidae,Caudata,T,N,Y,N,N,D,0,1,1,0
Thorius_munificus,Plethodontidae,Caudata,T,N,Y,N,N,D,0,1,1,0
Thorius_narismagnus,Plethodontidae,Caudata,T,N,Y,N,N,D,0,1,1,0
Thorius_narisovalis,Plethodontidae,Caudata,T,N,Y,N,N,D,0,1,1,0
Thorius_omiltemi,Plethodontidae,Caudata,T,N,Y,N,N,D,0,1,1,0
Thorius_papaloae,Plethodontidae,Caudata,T,N,Y,N,N,D,0,1,1,0
Thorius_pennatulus,Plethodontidae,Caudata,T,N,Y,N,N,D,0,1,1,0
Thorius_pinicola,Plethodontidae,Caudata,T,N,Y,N,N,D,0,1,1,0
Thorius_pulmonaris,Plethodontidae,Caudata,T,N,Y,N,N,D,0,1,1,0
Thorius_schmidti,Plethodontidae,Caudata,T,N,Y,N,N,D,0,1,1,0
Thorius_smithi,Plethodontidae,Caudata,T,N,Y,N,N,D,0,1,1,0
Thorius_spilogaster,Plethodontidae,Caudata,T,N,Y,N,N,D,0,1,1,0
Thorius_tlaxiacus,Plethodontidae,Caudata,T,N,Y,N,N,D,0,1,1,0
Thorius_troglodytes,Plethodontidae,Caudata,T,N,Y,N,N,D,0,1,1,0
Urspelerpes_brucei,Plethodontidae,Caudata,A,A,N,N,N,A,1,1,0,0
Necturus_alabamensis,Proteidae,Caudata,A,A,N,N,O,P,1,0,0,0
Necturus_beyeri,Proteidae,Caudata,A,A,N,N,O,P,1,0,0,0
Necturus_lewisi,Proteidae,Caudata,A,A,N,N,O,P,1,0,0,0
Necturus_lodingi,Proteidae,Caudata,A,A,N,N,O,P,1,0,0,0
Necturus_louisianensis,Proteidae,Caudata,A,A,N,N,O,P,1,0,0,0
Necturus_maculosus,Proteidae,Caudata,A,A,N,N,O,P,1,0,0,0
Necturus_punctatus,Proteidae,Caudata,A,A,N,N,O,P,1,0,0,0
Proteus_anguinus,Proteidae,Caudata,A,A,N,N,O,P,1,0,0,0
Rhyacotriton_cascadae,Rhyacotritonidae,Caudata,A,A,N,N,N,A,1,1,0,0
Rhyacotriton_kezeri,Rhyacotritonidae,Caudata,A,A,N,N,N,A,1,1,0,0
Rhyacotriton_olympicus,Rhyacotritonidae,Caudata,A,A,N,N,N,A,1,1,0,0
Rhyacotriton_variegatus,Rhyacotritonidae,Caudata,A,A,N,N,N,A,1,1,0,0
Calotriton_arnoldi,Salamandridae,Caudata,A,A,N,N,N,A,1,1,0,0
Calotriton_asper,Salamandridae,Caudata,A,A,N,N,F,A,1,1,0,0
Chioglossa_lusitanica,Salamandridae,Caudata,A,A,N,N,N,A,1,1,0,0
Cynops_chenggongensis,Salamandridae,Caudata,A,A,N,N,N,A,1,1,0,0
Cynops_cyanurus,Salamandridae,Caudata,A,A,N,N,N,A,1,1,0,0
Cynops_ensicauda,Salamandridae,Caudata,A,A,N,N,N,A,1,1,0,0
Cynops_fudingensis,Salamandridae,Caudata,A,A,N,N,N,A,1,1,0,0
Cynops_glaucus,Salamandridae,Caudata,A,A,N,N,N,A,1,1,0,0
Cynops_orientalis,Salamandridae,Caudata,A,A,N,N,N,A,1,1,0,0
Cynops_orphicus,Salamandridae,Caudata,A,A,N,N,N,A,1,1,0,0
Cynops_pyrrhogaster,Salamandridae,Caudata,A,A,N,N,N,A,1,1,0,0
Cynops_wolterstorffi,Salamandridae,Caudata,A,A,N,N,N,A,1,1,0,0
Cynops_yunnanensis,Salamandridae,Caudata,A,A,N,N,N,A,1,1,0,0
Echinotriton_andersoni,Salamandridae,Caudata,T,A,N,N,N,S,1,1,1,1
Echinotriton_chinhaiensis,Salamandridae,Caudata,T,A,N,N,N,S,1,1,1,1
Echinotriton_maxiquadratus,Salamandridae,Caudata,T,A,N,N,N,S,1,1,1,1
Euproctus_montanus,Salamandridae,Caudata,A,A,N,N,N,A,1,1,0,0
Euproctus_platycephalus,Salamandridae,Caudata,A,A,N,N,F,A,1,1,0,0
Ichthyosaura_alpestris,Salamandridae,Caudata,A,A,N,N,F,A,1,1,0,0
Laotriton_laoensis,Salamandridae,Caudata,A,A,N,N,N,A,1,1,0,0
Lissotriton_boscai,Salamandridae,Caudata,A,A,N,N,F,A,1,1,0,0
Lissotriton_graecus,Salamandridae,Caudata,A,A,N,N,F,A,1,1,0,0
Lissotriton_helveticus,Salamandridae,Caudata,A,A,N,N,F,A,1,1,0,0
Lissotriton_italicus,Salamandridae,Caudata,A,A,N,N,F,A,1,1,0,0
Lissotriton_kosswigi,Salamandridae,Caudata,A,A,N,N,F,A,1,1,0,0
Lissotriton_lantzi,Salamandridae,Caudata,A,A,N,N,F,A,1,1,0,0
Lissotriton_maltzani,Salamandridae,Caudata,A,A,N,N,F,A,1,1,0,0
Lissotriton_montandoni,Salamandridae,Caudata,A,A,N,N,N,A,1,1,0,0
Lissotriton_schmidtleri,Salamandridae,Caudata,A,A,N,N,F,A,1,1,0,0
Lissotriton_vulgaris,Salamandridae,Caudata,A,A,N,N,F,A,1,1,0,0
Lyciasalamandra_antalyana,Salamandridae,Caudata,I,N,N,LV,N,V,0,1,0,0
Lyciasalamandra_atifi,Salamandridae,Caudata,I,N,N,LV,N,V,0,1,0,0
Lyciasalamandra_billae,Salamandridae,Caudata,I,N,N,LV,N,V,0,1,0,0
Lyciasalamandra_fazilae,Salamandridae,Caudata,I,N,N,LV,N,V,0,1,0,0
Lyciasalamandra_flavimembris,Salamandridae,Caudata,I,N,N,LV,N,V,0,1,0,0
Lyciasalamandra_helverseni,Salamandridae,Caudata,I,N,N,LV,N,V,0,1,0,0
Lyciasalamandra_luschani,Salamandridae,Caudata,I,N,N,LV,N,V,0,1,0,0
Mertensiella_caucasica,Salamandridae,Caudata,A,A,N,N,N,A,1,1,0,0
Neurergus_barani,Salamandridae,Caudata,A,A,N,N,N,A,1,1,0,0
Neurergus_crocatus,Salamandridae,Caudata,A,A,N,N,N,A,1,1,0,0
Neurergus_derjugini,Salamandridae,Caudata,A,A,N,N,N,A,1,1,0,0
Neurergus_kaiseri,Salamandridae,Caudata,A,A,N,N,N,A,1,1,0,0
Neurergus_strauchii,Salamandridae,Caudata,A,A,N,N,N,A,1,1,0,0
Notophthalmus_meridionalis,Salamandridae,Caudata,A,A,N,N,F,A,1,1,0,0
Notophthalmus_perstriatus,Salamandridae,Caudata,A,A,N,N,F,A,1,1,0,0
Notophthalmus_viridescens,Salamandridae,Caudata,A,A,N,N,F,A,1,1,0,0
Ommatotriton_nesterovi,Salamandridae,Caudata,A,A,N,N,F,A,1,1,0,0
Ommatotriton_ophryticus,Salamandridae,Caudata,A,A,N,N,F,A,1,1,0,0
Ommatotriton_vittatus,Salamandridae,Caudata,A,A,N,N,F,A,1,1,0,0
Pachytriton_airobranchiatus,Salamandridae,Caudata,A,A,N,N,N,A,1,1,0,0
Pachytriton_archospotus,Salamandridae,Caudata,A,A,N,N,N,A,1,1,0,0
Pachytriton_brevipes,Salamandridae,Caudata,A,A,N,N,N,A,1,1,0,0
Pachytriton_changi,Salamandridae,Caudata,A,A,N,N,N,A,1,1,0,0
Pachytriton_feii,Salamandridae,Caudata,A,A,N,N,N,A,1,1,0,0
Pachytriton_granulosus,Salamandridae,Caudata,A,A,N,N,N,A,1,1,0,0
Pachytriton_inexpectatus,Salamandridae,Caudata,A,A,N,N,N,A,1,1,0,0
Pachytriton_moi,Salamandridae,Caudata,A,A,N,N,N,A,1,1,0,0
Pachytriton_wuguanfui,Salamandridae,Caudata,A,A,N,N,N,A,1,1,0,0
Pachytriton_xanthospilos,Salamandridae,Caudata,A,A,N,N,N,A,1,1,0,0
Paramesotriton_aurantius,Salamandridae,Caudata,A,A,N,N,N,A,1,1,0,0
Paramesotriton_caudopunctatus,Salamandridae,Caudata,A,A,N,N,N,A,1,1,0,0
Paramesotriton_chinensis,Salamandridae,Caudata,A,A,N,N,N,A,1,1,0,0
Paramesotriton_deloustali,Salamandridae,Caudata,A,A,N,N,N,A,1,1,0,0
Paramesotriton_fuzhongensis,Salamandridae,Caudata,A,A,N,N,N,A,1,1,0,0
Paramesotriton_guangxiensis,Salamandridae,Caudata,A,A,N,N,N,A,1,1,0,0
Paramesotriton_hongkongensis,Salamandridae,Caudata,A,A,N,N,N,A,1,1,0,0
Paramesotriton_labiatus,Salamandridae,Caudata,A,A,N,N,N,A,1,1,0,0
Paramesotriton_longliensis,Salamandridae,Caudata,A,A,N,N,N,A,1,1,0,0
Paramesotriton_maolanensis,Salamandridae,Caudata,A,A,N,N,N,A,1,1,0,0
Paramesotriton_qixilingensis,Salamandridae,Caudata,A,A,N,N,N,A,1,1,0,0
Paramesotriton_wulingensis,Salamandridae,Caudata,A,A,N,N,N,A,1,1,0,0
Paramesotriton_yunwuensis,Salamandridae,Caudata,A,A,N,N,N,A,1,1,0,0
Paramesotriton_zhijinensis,Salamandridae,Caudata,A,A,N,N,F,A,1,1,0,0
Pleurodeles_nebulosus,Salamandridae,Caudata,A,A,N,N,N,A,1,1,0,0
Pleurodeles_poireti,Salamandridae,Caudata,A,A,N,N,N,A,1,1,0,0
Pleurodeles_waltl,Salamandridae,Caudata,A,A,N,N,F,A,1,1,0,0
Salamandra_algira,Salamandridae,Caudata,I,A,N,LV,N,V,0,1,0,0
Salamandra_atra,Salamandridae,Caudata,I,N,N,MV,N,V,0,1,0,0
Salamandra_corsica,Salamandridae,Caudata,I,A,N,LV,N,V,0,1,0,0
Salamandra_infraimmaculata,Salamandridae,Caudata,I,A,N,LV,N,V,0,1,0,0
Salamandra_lanzai,Salamandridae,Caudata,I,N,N,LV,N,V,0,1,0,0
Salamandra_longirostris,Salamandridae,Caudata,I,A,N,LV,N,V,0,1,0,0
Salamandra_salamandra,Salamandridae,Caudata,I,A,N,LV,N,V,0,1,0,0
Salamandrina_perspicillata,Salamandridae,Caudata,A,A,N,N,N,A,1,1,0,0
Salamandrina_terdigitata,Salamandridae,Caudata,A,A,N,N,N,A,1,1,0,0
Taricha_granulosa,Salamandridae,Caudata,A,A,N,N,F,A,1,1,0,0
Taricha_rivularis,Salamandridae,Caudata,A,A,N,N,N,A,1,1,0,0
Taricha_sierrae,Salamandridae,Caudata,A,A,N,N,N,A,1,1,0,0
Taricha_torosa,Salamandridae,Caudata,A,A,N,N,N,A,1,1,0,0
Triturus_anatolicus,Salamandridae,Caudata,A,A,N,N,N,A,1,1,0,0
Triturus_carnifex,Salamandridae,Caudata,A,A,N,N,F,A,1,1,0,0
Triturus_cristatus,Salamandridae,Caudata,A,A,N,N,F,A,1,1,0,0
Triturus_dobrogicus,Salamandridae,Caudata,A,A,N,N,F,A,1,1,0,0
Triturus_ivanbureschi,Salamandridae,Caudata,A,A,N,N,N,A,1,1,0,0
Triturus_karelinii,Salamandridae,Caudata,A,A,N,N,N,A,1,1,0,0
Triturus_macedonicus,Salamandridae,Caudata,A,A,N,N,F,A,1,1,0,0
Triturus_marmoratus,Salamandridae,Caudata,A,A,N,N,F,A,1,1,0,0
Triturus_pygmaeus,Salamandridae,Caudata,A,A,N,N,F,A,1,1,0,0
Tylototriton_anguliceps,Salamandridae,Caudata,A,A,N,N,N,A,1,1,0,0
Tylototriton_anhuiensis,Salamandridae,Caudata,A,A,N,N,N,A,1,1,0,0
Tylototriton_asperrimus,Salamandridae,Caudata,T,A,N,N,N,S,1,1,1,1
Tylototriton_broadoridgus,Salamandridae,Caudata,T,A,N,N,N,S,1,1,1,1
Tylototriton_dabienicus,Salamandridae,Caudata,T,A,N,N,N,S,1,1,1,1
Tylototriton_hainanensis,Salamandridae,Caudata,T,A,N,N,N,S,1,1,1,1
Tylototriton_himalayanus,Salamandridae,Caudata,A,A,N,N,N,A,1,1,0,0
Tylototriton_kachinorum,Salamandridae,Caudata,A,A,N,N,N,A,1,1,0,0
Tylototriton_kweichowensis,Salamandridae,Caudata,A,A,N,N,N,A,1,1,0,0
Tylototriton_liuyangensis,Salamandridae,Caudata,A,A,N,N,N,A,1,1,0,0
Tylototriton_lizhengchangi,Salamandridae,Caudata,T,A,N,N,N,S,1,1,1,1
Tylototriton_ngarsuensis,Salamandridae,Caudata,A,A,N,N,N,A,1,1,0,0
Tylototriton_notialis,Salamandridae,Caudata,T,A,N,N,N,S,1,1,1,1
Tylototriton_panhai,Salamandridae,Caudata,T,A,N,N,N,S,1,1,1,1
Tylototriton_podichthys,Salamandridae,Caudata,T,A,N,N,N,S,1,1,1,1
Tylototriton_pseudoverrucosus,Salamandridae,Caudata,T,A,N,N,N,S,1,1,1,1
Tylototriton_shanjing,Salamandridae,Caudata,A,A,N,N,N,A,1,1,0,0
Tylototriton_shanorum,Salamandridae,Caudata,T,A,N,N,N,S,1,1,1,1
Tylototriton_taliangensis,Salamandridae,Caudata,A,A,N,N,N,A,1,1,0,0
Tylototriton_uyenoi,Salamandridae,Caudata,T,A,N,N,N,S,1,1,1,1
Tylototriton_verrucosus,Salamandridae,Caudata,A,A,N,N,N,A,1,1,0,0
Tylototriton_vietnamensis,Salamandridae,Caudata,A,A,N,N,N,A,1,1,0,0
Tylototriton_wenxianensis,Salamandridae,Caudata,A,A,N,N,N,A,1,1,0,0
Tylototriton_yangi,Salamandridae,Caudata,A,A,N,N,N,A,1,1,0,0
Tylototriton_ziegleri,Salamandridae,Caudata,T,A,N,N,N,S,1,1,1,1
Pseudobranchus_axanthus,Sirenidae,Caudata,A,A,N,N,O,P,1,0,0,0
Pseudobranchus_striatus,Sirenidae,Caudata,A,A,N,N,O,P,1,0,0,0
Siren_intermedia,Sirenidae,Caudata,A,A,N,N,O,P,1,0,0,0
Siren_lacertina,Sirenidae,Caudata,A,A,N,N,O,P,1,0,0,0
Siren_reticulata,Sirenidae,Caudata,A,A,N,N,O,P,1,0,0,0
